./entrenamiento\fresa\0000000004028L1.jpg,fresa
./entrenamiento\fresa\1200px-Strawberry_Seedling.jpg,fresa
./entrenamiento\fresa\1486991543_885991_1486991680_noticia_normal.jpg,fresa
./entrenamiento\fresa\1518700553_544625_1518704310_media_normal.jpg,fresa
./entrenamiento\fresa\15616371314021.jpg,fresa
./entrenamiento\fresa\1582729350_677456_1582730523_noticia_normal.jpg,fresa
./entrenamiento\fresa\3a8a82031314b6baba11bb2b98271a0f_FRAPPE_DE_FRESA_CON_SALSA_DE_JAMAICA__1200_600.jpg,fresa
./entrenamiento\fresa\450_1000.jpg,fresa
./entrenamiento\fresa\450_10000.jpg,fresa
./entrenamiento\fresa\450_10001.jpg,fresa
./entrenamiento\fresa\866bbb2c18bde2d728f3259efd5d1438_TAPIOCA_CON_FRAPPE_DE_FRESA_-_COCO_1200_600.jpg,fresa
./entrenamiento\fresa\95.jpg,fresa
./entrenamiento\fresa\Agua-de-fresa-y-pina.jpg,fresa
./entrenamiento\fresa\alimentos-fresas-3-1280x720.jpg,fresa
./entrenamiento\fresa\america_digital_batido_de_fresa_recetas_2020.jpg,fresa
./entrenamiento\fresa\batido-de-banana-fresa-y-yogur.jpg,fresa
./entrenamiento\fresa\Batido-de-fresa-3.jpg,fresa
./entrenamiento\fresa\batido-fresas-cerezas-m.jpg,fresa
./entrenamiento\fresa\beneficios-fresas-salud.jpg,fresa
./entrenamiento\fresa\calidad-fresas-626x394.jpg,fresa
./entrenamiento\fresa\canasta_de_fresa.jpg,fresa
./entrenamiento\fresa\cc002ca44624f19494545ed8eb80e612_HORCHATA_FRESA_-_AGUA_150.jpg,fresa
./entrenamiento\fresa\cocimec.fresa_.jpg,fresa
./entrenamiento\fresa\cocinillas_20757982_115876866_1024x576.jpg,fresa
./entrenamiento\fresa\como_hacer_agua_de_fresa_con_leche_50806_600.jpg,fresa
./entrenamiento\fresa\daiquiri_de_fresa_19713_orig.jpg,fresa
./entrenamiento\fresa\depositphotos_21579613-stock-photo-strawberries-with-leaves.jpg,fresa
./entrenamiento\fresa\dieta-fresa.jpg,fresa
./entrenamiento\fresa\flores-de-fresa-y-platano-xl-1280x720x80xX.jpg,fresa
./entrenamiento\fresa\fraise.jpg,fresa
./entrenamiento\fresa\fresa-27-4-20-compressed.jpg,fresa
./entrenamiento\fresa\Fresa-620x580.jpg,fresa
./entrenamiento\fresa\fresa-blog.jpg,fresa
./entrenamiento\fresa\fresa-color-blush.jpg,fresa
./entrenamiento\fresa\fresa-fresa-natural-1_bf60d979-130e-4288-b97f-f323b401d687_1024x1024.jpg,fresa
./entrenamiento\fresa\fresa-la-fruta-de-temporada-con-alto-contenido-en-vitamina-c.jpg,fresa
./entrenamiento\fresa\fresa-postcosecha-1.jpg,fresa
./entrenamiento\fresa\fresa-primera.jpg,fresa
./entrenamiento\fresa\fresa-splash-jugo-realista-aislado_107791-466.jpg,fresa
./entrenamiento\fresa\fresa-strawberries-2-1201x640.jpg,fresa
./entrenamiento\fresa\fresa.jpg,fresa
./entrenamiento\fresa\fresa0.jpg,fresa
./entrenamiento\fresa\Fresa1.jpg,fresa
./entrenamiento\fresa\FRESAENERO-e1548667178644.jpg,fresa
./entrenamiento\fresa\fresas-1.jpg,fresa
./entrenamiento\fresa\fresas-2-k1DF--1200x630abc.jpg,fresa
./entrenamiento\fresa\fresas-de-temporada-ecologicas.jpg,fresa
./entrenamiento\fresa\fresas-frutas-nutriologia_485962162_151094680_1024x576.jpg,fresa
./entrenamiento\fresa\fresas-propiedades-480x320.jpg,fresa
./entrenamiento\fresa\fresas-RitaE-Px-1201x640.jpg,fresa
./entrenamiento\fresa\fresas-x-05-kg.jpg,fresa
./entrenamiento\fresa\fresas.jpg,fresa
./entrenamiento\fresa\fresas0.jpg,fresa
./entrenamiento\fresa\fresas1.jpg,fresa
./entrenamiento\fresa\fresas2-1-1024x576.jpg,fresa
./entrenamiento\fresa\fresas_1.jpg,fresa
./entrenamiento\fresa\fresa_1.jpg,fresa
./entrenamiento\fresa\FRESA_enero20.jpg,fresa
./entrenamiento\fresa\Galletas-Barquillos-fresa.jpg,fresa
./entrenamiento\fresa\images.jpg,fresa
./entrenamiento\fresa\images0.jpg,fresa
./entrenamiento\fresa\images1.jpg,fresa
./entrenamiento\fresa\images10.jpg,fresa
./entrenamiento\fresa\images11.jpg,fresa
./entrenamiento\fresa\images12.jpg,fresa
./entrenamiento\fresa\images13.jpg,fresa
./entrenamiento\fresa\images14.jpg,fresa
./entrenamiento\fresa\images15.jpg,fresa
./entrenamiento\fresa\images16.jpg,fresa
./entrenamiento\fresa\images17.jpg,fresa
./entrenamiento\fresa\images18.jpg,fresa
./entrenamiento\fresa\images19.jpg,fresa
./entrenamiento\fresa\images2.jpg,fresa
./entrenamiento\fresa\images20.jpg,fresa
./entrenamiento\fresa\images21.jpg,fresa
./entrenamiento\fresa\images22.jpg,fresa
./entrenamiento\fresa\images23.jpg,fresa
./entrenamiento\fresa\images24.jpg,fresa
./entrenamiento\fresa\images25.jpg,fresa
./entrenamiento\fresa\images26.jpg,fresa
./entrenamiento\fresa\images27.jpg,fresa
./entrenamiento\fresa\images28.jpg,fresa
./entrenamiento\fresa\images29.jpg,fresa
./entrenamiento\fresa\images3.jpg,fresa
./entrenamiento\fresa\images30.jpg,fresa
./entrenamiento\fresa\images4.jpg,fresa
./entrenamiento\fresa\images5.jpg,fresa
./entrenamiento\fresa\images6.jpg,fresa
./entrenamiento\fresa\images7.jpg,fresa
./entrenamiento\fresa\images8.jpg,fresa
./entrenamiento\fresa\images9.jpg,fresa
./entrenamiento\fresa\img_aroma.fresa_.hd_.jpg,fresa
./entrenamiento\fresa\img_cuales_son_los_beneficios_de_las_fresas_7561_orig-1.jpg,fresa
./entrenamiento\fresa\infografia-fresas-668x400x80xX.jpg,fresa
./entrenamiento\fresa\Las-hojas-de-fresa-son-potenciales-fuentes-de-antioxidantes-de-origen-natural.jpg,fresa
./entrenamiento\fresa\lg-b-b-fresa20rede.jpg,fresa
./entrenamiento\fresa\mousse_fresa.jpg,fresa
./entrenamiento\fresa\Naranjas-Torres-Fresas-Encajada-03-1024-C.jpg,fresa
./entrenamiento\fresa\origen-del-acento-fresa-1200x600.jpg,fresa
./entrenamiento\fresa\Paletas-caseras-de-fresa-o-frutilla.jpg,fresa
./entrenamiento\fresa\Particularidades-fresa.jpg,fresa
./entrenamiento\fresa\portada-fresas-adobe-m.jpg,fresa
./entrenamiento\fresa\postres-con-fresas-faciles-fresas-pimienta.jpg,fresa
./entrenamiento\fresa\Principales-plagas-en-las-fresas-Mesa-de-trabajo-1-.jpg,fresa
./entrenamiento\fresa\propiedades-y-beneficios-de-la-fresa_c5bc2cfb_600x1031.jpg,fresa
./entrenamiento\fresa\receta-de-batido-refrescante-de-fresa-y-leche-condensada.jpg,fresa
./entrenamiento\fresa\recomendaciones-consumo-fresa.jpg,fresa
./entrenamiento\fresa\Savana-1-1280x640.jpg,fresa
./entrenamiento\fresa\sembrar-fresas-5-1.jpg,fresa
./entrenamiento\fresa\siete-razones-para-comer-fresas-cuando-estas-tratando-de-adelgazar-y-perder-peso.jpg,fresa
./entrenamiento\fresa\strawberries-1303374_960_720.jpg,fresa
./entrenamiento\fresa\strawberry-isolated-strawberries-on-white-260nw-1390945937.jpg,fresa
./entrenamiento\fresa\Web_fotoreceta.jpg,fresa
./entrenamiento\fresa\Web_fotoreceta0.jpg,fresa
./entrenamiento\fresa\Zuko-Regular_Sobres_NOM_051_Fresa_Fte.jpg,fresa
./entrenamiento\manzana\1366_2000.jpg,manzana
./entrenamiento\manzana\1549545583_600847_1549545735_noticia_normal.jpg,manzana
./entrenamiento\manzana\1563287098_437677_1563288537_noticia_normal.jpg,manzana
./entrenamiento\manzana\2017-06-22-19-26-10.jpg,manzana
./entrenamiento\manzana\405492.jpg,manzana
./entrenamiento\manzana\450_1000.jpg,manzana
./entrenamiento\manzana\5a5fcd5808f3d957488b4567.jpg,manzana
./entrenamiento\manzana\62286491-ilustraciC3B3n-de-vector-de-dibujos-animados-manzana-fruta-diseC3B1o.jpg,manzana
./entrenamiento\manzana\71h469k4HQL._AC_SX466_.jpg,manzana
./entrenamiento\manzana\84.jpg,manzana
./entrenamiento\manzana\840_560.jpg,manzana
./entrenamiento\manzana\95875aad-7d73-4e6e-9856-34960bea9461_alta-libre-aspect-ratio_default_0.jpg,manzana
./entrenamiento\manzana\ADGmqu_2szBww-JzvY4KaBwBNzqt6zA3dFsiuJuLJmqKs64-c-mo.jpg,manzana
./entrenamiento\manzana\apple-661694-web.jpg,manzana
./entrenamiento\manzana\beneficios-de-la-manzana-verde1.jpg,manzana
./entrenamiento\manzana\beneficios-de-la-manzana_20077_l.jpg,manzana
./entrenamiento\manzana\beneficios-manzana-1280x720.jpg,manzana
./entrenamiento\manzana\bigstock-Concept-Of-Green-Apple-Vs-Re-371575102-e1594638945207.jpg,manzana
./entrenamiento\manzana\calorias-manzana.jpg,manzana
./entrenamiento\manzana\comer-las-manzanas-con-piel-puede-ayudarte-a-adelgazar-y-te-contamos-por-que.jpg,manzana
./entrenamiento\manzana\compota-manzana.jpg,manzana
./entrenamiento\manzana\conjunto-de-manzanas-verdes.jpg,manzana
./entrenamiento\manzana\dibujo-color-de-ilustraciC3B3n-frutas-manzana-este-es-un-boceto-digital-lC3A1piz-en-para-uso-comercial-163953656.jpg,manzana
./entrenamiento\manzana\el-tentador-significado-de-sonar-con-manzanas-la-fruta-prohibida-lg.jpg,manzana
./entrenamiento\manzana\file_20190725154418.jpg,manzana
./entrenamiento\manzana\fischer-2.jpg,manzana
./entrenamiento\manzana\fresh-cartoon-apple-fruit-on-pink-vector.jpg,manzana
./entrenamiento\manzana\fruta-manzana_7814-312.jpg,manzana
./entrenamiento\manzana\frutality-manzana-fuji.jpg,manzana
./entrenamiento\manzana\frutas-quimica-vegetales_389723222_119995650_1024x576.jpg,manzana
./entrenamiento\manzana\httpstved-prod.adobecqms.netcontentdameditorialTelevisamexicomuyinteresantemxsalud1404benefiicios-de-la-manzana-1080x720.imgo_-1280x720.jpg,manzana
./entrenamiento\manzana\ilustracion-fruta-manzana-roja-transparente_43879-113.jpg,manzana
./entrenamiento\manzana\images.jpg,manzana
./entrenamiento\manzana\images0.jpg,manzana
./entrenamiento\manzana\images1.jpg,manzana
./entrenamiento\manzana\images10.jpg,manzana
./entrenamiento\manzana\images11.jpg,manzana
./entrenamiento\manzana\images12.jpg,manzana
./entrenamiento\manzana\images13.jpg,manzana
./entrenamiento\manzana\images14.jpg,manzana
./entrenamiento\manzana\images15.jpg,manzana
./entrenamiento\manzana\images16.jpg,manzana
./entrenamiento\manzana\images17.jpg,manzana
./entrenamiento\manzana\images18.jpg,manzana
./entrenamiento\manzana\images19.jpg,manzana
./entrenamiento\manzana\images2.jpg,manzana
./entrenamiento\manzana\images20.jpg,manzana
./entrenamiento\manzana\images21.jpg,manzana
./entrenamiento\manzana\images22.jpg,manzana
./entrenamiento\manzana\images23.jpg,manzana
./entrenamiento\manzana\images24.jpg,manzana
./entrenamiento\manzana\images25.jpg,manzana
./entrenamiento\manzana\images26.jpg,manzana
./entrenamiento\manzana\images27.jpg,manzana
./entrenamiento\manzana\images28.jpg,manzana
./entrenamiento\manzana\images29.jpg,manzana
./entrenamiento\manzana\images3.jpg,manzana
./entrenamiento\manzana\images30.jpg,manzana
./entrenamiento\manzana\images31.jpg,manzana
./entrenamiento\manzana\images32.jpg,manzana
./entrenamiento\manzana\images33.jpg,manzana
./entrenamiento\manzana\images34.jpg,manzana
./entrenamiento\manzana\images35.jpg,manzana
./entrenamiento\manzana\images36.jpg,manzana
./entrenamiento\manzana\images37.jpg,manzana
./entrenamiento\manzana\images38.jpg,manzana
./entrenamiento\manzana\images39.jpg,manzana
./entrenamiento\manzana\images4.jpg,manzana
./entrenamiento\manzana\images40.jpg,manzana
./entrenamiento\manzana\images41.jpg,manzana
./entrenamiento\manzana\images42.jpg,manzana
./entrenamiento\manzana\images43.jpg,manzana
./entrenamiento\manzana\images44.jpg,manzana
./entrenamiento\manzana\images45.jpg,manzana
./entrenamiento\manzana\images46.jpg,manzana
./entrenamiento\manzana\images47.jpg,manzana
./entrenamiento\manzana\images48.jpg,manzana
./entrenamiento\manzana\images49.jpg,manzana
./entrenamiento\manzana\images5.jpg,manzana
./entrenamiento\manzana\images50.jpg,manzana
./entrenamiento\manzana\images51.jpg,manzana
./entrenamiento\manzana\images6.jpg,manzana
./entrenamiento\manzana\images7.jpg,manzana
./entrenamiento\manzana\images8.jpg,manzana
./entrenamiento\manzana\images9.jpg,manzana
./entrenamiento\manzana\img_manzana.madura.hd_-640x480.jpg,manzana
./entrenamiento\manzana\img_manzanas_rellenas_de_fruta_59006_paso_0_600.jpg,manzana
./entrenamiento\manzana\Instagram_manzana.jpg,manzana
./entrenamiento\manzana\La-quercetina-la-manzana_.jpg,manzana
./entrenamiento\manzana\manzana--644x362.jpg,manzana
./entrenamiento\manzana\manzana-3.jpg,manzana
./entrenamiento\manzana\manzana-640x394.jpg,manzana
./entrenamiento\manzana\manzana-D.jpg,manzana
./entrenamiento\manzana\manzana-natural1.jpg,manzana
./entrenamiento\manzana\Manzana-roja-y-verdes.jpg,manzana
./entrenamiento\manzana\manzana-roja.jpg,manzana
./entrenamiento\manzana\manzana-xl-1280x720x80xX.jpg,manzana
./entrenamiento\manzana\Manzana.Gde.jpg,manzana
./entrenamiento\manzana\Manzana.jpg,manzana
./entrenamiento\manzana\manzana0.jpg,manzana
./entrenamiento\manzana\manzana1.jpg,manzana
./entrenamiento\manzana\manzana2.jpg,manzana
./entrenamiento\manzana\manzanas-1262x640.jpg,manzana
./entrenamiento\manzana\manzanas-21-497x300.jpg,manzana
./entrenamiento\manzana\Manzanas-696x464.jpg,manzana
./entrenamiento\manzana\manzanas-fruta.jpg,manzana
./entrenamiento\manzana\manzanas-la-fruta-perfecta.jpg,manzana
./entrenamiento\manzana\Manzanas-rojas-y-verdes.jpg,manzana
./entrenamiento\manzana\manzanas-rojas.jpg,manzana
./entrenamiento\manzana\manzanas.jpg,manzana
./entrenamiento\manzana\manzanas0.jpg,manzana
./entrenamiento\manzana\manzanas1.jpg,manzana
./entrenamiento\manzana\manzanas2.jpg,manzana
./entrenamiento\manzana\manzanas3.jpg,manzana
./entrenamiento\manzana\manzana_g.jpg,manzana
./entrenamiento\manzana\manzana_roja.jpg,manzana
./entrenamiento\manzana\mnj.jpg,manzana
./entrenamiento\manzana\mnrg.jpg,manzana
./entrenamiento\manzana\Owoce_JabC582ko.jpg,manzana
./entrenamiento\manzana\pngtree-hand-painted-cartoon-apple-fruit-png-image_3837990.jpg,manzana
./entrenamiento\manzana\pomme-large.jpg,manzana
./entrenamiento\manzana\portada-manzana-t.jpg,manzana
./entrenamiento\manzana\pple.jpg,manzana
./entrenamiento\manzana\propiedades-manzana.jpg,manzana
./entrenamiento\manzana\shutterstock_164182907-1000x640.jpg,manzana
./entrenamiento\manzana\TEMAS_manzanas_interna_horiz_840x410.jpg,manzana
./entrenamiento\pera\00000000004416L.jpg,pera
./entrenamiento\pera\0000000004026L.jpg,pera
./entrenamiento\pera\0000000004416L1.jpg,pera
./entrenamiento\pera\00118106100037____8__600x600.jpg,pera
./entrenamiento\pera\1-arbolito-de-pera-d-anjou-pyrus-communis-propiedades-de-la-pera-envios-a-todo-mexico-de-plantas-de-pera.jpg,pera
./entrenamiento\pera\1004-pera-blanquilla-el-vergel-cantabro_ml.jpg,pera
./entrenamiento\pera\1007-pera-limonera-el-vergel-cantabro.jpg,pera
./entrenamiento\pera\1534493225-pera.jpg,pera
./entrenamiento\pera\1581683292_617447_1581684057_noticia_normal.jpg,pera
./entrenamiento\pera\180px-Poires_williams_Vertes_et_Rouges_Savoie.jpg,pera
./entrenamiento\pera\1a86c8c2a2dc5ba0a06a633cf6aa07df.jpg,pera
./entrenamiento\pera\26.jpg,pera
./entrenamiento\pera\26b.jpg,pera
./entrenamiento\pera\340px-Ercolina_pears_2017_A2.jpg,pera
./entrenamiento\pera\37a7bf8ff51b6ee01c47aa7613211b64.jpg,pera
./entrenamiento\pera\450_1000.jpg,pera
./entrenamiento\pera\450_10000.jpg,pera
./entrenamiento\pera\55366113--624x415.jpg,pera
./entrenamiento\pera\61g4RTpWDLL._AC_SL1000_.jpg,pera
./entrenamiento\pera\70-pera-fruit-att-2018-aq.jpg,pera
./entrenamiento\pera\74625229-vitaminas-y-minerales-de-la-fruta-de-la-pera-infografC3ADa-sobre-nutrientes-en-peras-crudas-ilustraciC3B3n-vect.jpg,pera
./entrenamiento\pera\a7dee3_4c558736f7b243329c59427d855d278cmv2.jpg,pera
./entrenamiento\pera\ADGmqu_2szBww-JzvY4KaBwBNzqt6zA3dFsiuJuLJmqKs64-c-mo.jpg,pera
./entrenamiento\pera\alimento-nutricienta-pera.jpg,pera
./entrenamiento\pera\arbol-frutal-donde-crece-la-pera-limonera.jpg,pera
./entrenamiento\pera\como-saber-si-la-pera-esta-madura.jpg,pera
./entrenamiento\pera\cultivo-pera-lleida-molnar.jpg,pera
./entrenamiento\pera\depositphotos_11489464-stock-photo-pears.jpg,pera
./entrenamiento\pera\depositphotos_16347875-stock-photo-pearpear-pear-fruit-pear-isolated.jpg,pera
./entrenamiento\pera\despensa-29-kCuC-U60196266771yLE-624x385El20Correo.jpg,pera
./entrenamiento\pera\destacada-beneficios-de-las-peras-que-no-conociCC81as-591x307.jpg,pera
./entrenamiento\pera\dibujado-mano-ilustracion-fruta-pera_53876-2983.jpg,pera
./entrenamiento\pera\f1018ecb-4f61-4317-ae0e-15650d775596.jpg,pera
./entrenamiento\pera\fred2JPG.jpg,pera
./entrenamiento\pera\fruta-pera-fresca-humeda_144627-17211.jpg,pera
./entrenamiento\pera\frutas-y-verduras-a-domicilio-en-guatemala-pera-1200x1200.jpg,pera
./entrenamiento\pera\frutas.jpg,pera
./entrenamiento\pera\Guayaba-pera-x-05-kg.jpg,pera
./entrenamiento\pera\hoodRiverDalles-16048tj-1-1.jpg,pera
./entrenamiento\pera\images.jpg,pera
./entrenamiento\pera\images0.jpg,pera
./entrenamiento\pera\images1.jpg,pera
./entrenamiento\pera\images10.jpg,pera
./entrenamiento\pera\images11.jpg,pera
./entrenamiento\pera\images12.jpg,pera
./entrenamiento\pera\images13.jpg,pera
./entrenamiento\pera\images14.jpg,pera
./entrenamiento\pera\images15.jpg,pera
./entrenamiento\pera\images16.jpg,pera
./entrenamiento\pera\images17.jpg,pera
./entrenamiento\pera\images18.jpg,pera
./entrenamiento\pera\images19.jpg,pera
./entrenamiento\pera\images2.jpg,pera
./entrenamiento\pera\images20.jpg,pera
./entrenamiento\pera\images21.jpg,pera
./entrenamiento\pera\images22.jpg,pera
./entrenamiento\pera\images23.jpg,pera
./entrenamiento\pera\images24.jpg,pera
./entrenamiento\pera\images25.jpg,pera
./entrenamiento\pera\images26.jpg,pera
./entrenamiento\pera\images27.jpg,pera
./entrenamiento\pera\images28.jpg,pera
./entrenamiento\pera\images29.jpg,pera
./entrenamiento\pera\images3.jpg,pera
./entrenamiento\pera\images4.jpg,pera
./entrenamiento\pera\images5.jpg,pera
./entrenamiento\pera\images6.jpg,pera
./entrenamiento\pera\images7.jpg,pera
./entrenamiento\pera\images8.jpg,pera
./entrenamiento\pera\images9.jpg,pera
./entrenamiento\pera\img-intro-peras.jpg,pera
./entrenamiento\pera\IMG_8571.jpg,pera
./entrenamiento\pera\iStock-1042063340-2-thumbnail-540x540-70.jpg,pera
./entrenamiento\pera\jugo-de-pera.jpg,pera
./entrenamiento\pera\maxresdefault.jpg,pera
./entrenamiento\pera\Owoce_Gruszka.jpg,pera
./entrenamiento\pera\P91602.jpg,pera
./entrenamiento\pera\pear-nutrition-facts.jpg,pera
./entrenamiento\pera\pera-01-1.jpg,pera
./entrenamiento\pera\pera-02-1.jpg,pera
./entrenamiento\pera\PERA-1280x720.jpg,pera
./entrenamiento\pera\pera-beneficios.jpg,pera
./entrenamiento\pera\pera-conferencia-k4xE-U1001087821178CPH-624x385Diario20Vasco.jpg,pera
./entrenamiento\pera\PERA-DE-ROMA.jpg,pera
./entrenamiento\pera\pera-ercolina-temporada.jpg,pera
./entrenamiento\pera\pera-ficha-kaAB--1200x630abc.jpg,pera
./entrenamiento\pera\pera-green-williams-orchard.jpg,pera
./entrenamiento\pera\pera-home.jpg,pera
./entrenamiento\pera\pera-pear-01-agroboca.jpg,pera
./entrenamiento\pera\pera-tipos-propiedades-ekolo-productos-naturales-saludables.jpg,pera
./entrenamiento\pera\pera-verde-importada-x-kg-2.jpg,pera
./entrenamiento\pera\Pera-Williams-X-1-Kg-1-17002.jpg,pera
./entrenamiento\pera\pera.jpg,pera
./entrenamiento\pera\Pera0.jpg,pera
./entrenamiento\pera\pera1.jpg,pera
./entrenamiento\pera\pera2.jpg,pera
./entrenamiento\pera\PeradeJumilla-550x394.jpg,pera
./entrenamiento\pera\Peras-1024x731.jpg,pera
./entrenamiento\pera\peras-2-990x556.jpg,pera
./entrenamiento\pera\Peras-de-Estados-Unidos-e1582301516178.jpg,pera
./entrenamiento\pera\peras-deliciosas_1203-1840_crop1587943871575.jpg_988992781.jpg,pera
./entrenamiento\pera\peras-mercado.jpg,pera
./entrenamiento\pera\peras.jpg,pera
./entrenamiento\pera\peras0.jpg,pera
./entrenamiento\pera\pera_bartlett.jpg,pera
./entrenamiento\pera\pera_ercolina.jpg,pera
./entrenamiento\pera\pera_packham.jpg,pera
./entrenamiento\pera\pera_san_juan.jpg,pera
./entrenamiento\pera\Pera_secundaria.jpg,pera
./entrenamiento\pera\pera_williams.jpg,pera
./entrenamiento\pera\poire-large.jpg,pera
./entrenamiento\pera\Propiedades-de-la-pera-2.jpg,pera
./entrenamiento\pera\propiedades-pera.jpg,pera
./entrenamiento\pera\salud-frutas-peras-propiedades-1280x720x80xX.jpg,pera
./entrenamiento\pera\smart-95172-pera-angel.jpg,pera
./entrenamiento\piña\1-1.jpg,piña
./entrenamiento\piña\1200px-Planta_piC3B1aJPG.jpg,piña
./entrenamiento\piña\1332309_w980h638c1cx3692cy2468.jpg,piña
./entrenamiento\piña\1527876505_403413_1527876777_noticia_normal.jpg,piña
./entrenamiento\piña\15591404904428.jpg,piña
./entrenamiento\piña\1563441126-piC3B1a.jpg,piña
./entrenamiento\piña\1576083409_598704_1576083726_noticia_normal.jpg,piña
./entrenamiento\piña\18abr_mejorar_troncopina_foto4.jpg,piña
./entrenamiento\piña\21-cosas-que-no-sabC3ADas-de-la-piC3B1a.jpg,piña
./entrenamiento\piña\27.jpg,piña
./entrenamiento\piña\3b3971228a933bf43925e2c9ea47ef4c.jpg,piña
./entrenamiento\piña\3_pina_Blog.jpg,piña
./entrenamiento\piña\4150083-1.jpg,piña
./entrenamiento\piña\450_1000.jpg,piña
./entrenamiento\piña\51o5k3r2B8sL._AC_SX466_.jpg,piña
./entrenamiento\piña\71pyASG7m0L._AC_SX466_.jpg,piña
./entrenamiento\piña\913285.jpg,piña
./entrenamiento\piña\980006615m_1000x.jpg,piña
./entrenamiento\piña\abarrotes-pina.jpg,piña
./entrenamiento\piña\ADGmqu_2szBww-JzvY4KaBwBNzqt6zA3dFsiuJuLJmqKs64-c-mo.jpg,piña
./entrenamiento\piña\Ananas_comosus_Blanco2.458.jpg,piña
./entrenamiento\piña\b51fc460aeeccec8e14916b8f3c3f765_PINNNNNAAA_1200_600PNG.jpg,piña
./entrenamiento\piña\beneficios-de-consumir-el-centro-de-la-pina.jpg,piña
./entrenamiento\piña\beneficios-pina-1-k2LB--620x349abc.jpg,piña
./entrenamiento\piña\beneficios-pina.jpg,piña
./entrenamiento\piña\brooke-lark-537700-unsplash.jpg,piña
./entrenamiento\piña\cc551f32-65e3-4bf5-9f6e-205677ea5a83-Pina.jpg,piña
./entrenamiento\piña\cc947675ce0ac0c98617f27425843c35_XL.jpg,piña
./entrenamiento\piña\coctel-pina-coladaF09F8D8DF09FA5A5-foto-principal.jpg,piña
./entrenamiento\piña\como_hacer_jugo_de_pina_29523_paso_1_600.jpg,piña
./entrenamiento\piña\cortar-pelar-pina-facil.jpg,piña
./entrenamiento\piña\cortar-pina_0.jpg,piña
./entrenamiento\piña\cuanto_tarda_en_crecer_una_pina_3213_600.jpg,piña
./entrenamiento\piña\Cut2BPineapple2BSyS.jpg,piña
./entrenamiento\piña\dieta-de-la-pina-recetas.jpg,piña
./entrenamiento\piña\Dulce-o-mermelada-de-piC3B1a.jpg,piña
./entrenamiento\piña\D_NQ_NP_973676-MLM26159765578_102017-O.jpg,piña
./entrenamiento\piña\el-centro-de-la-pina-se-come.jpg,piña
./entrenamiento\piña\elegir_pina_madura-680x492.jpg,piña
./entrenamiento\piña\food-syrian-middle-restaurant-cuisine-delicious-1-1.jpg,piña
./entrenamiento\piña\forma-siquiera-tendras-preocuparte-morder_0_79_616_383.jpg,piña
./entrenamiento\piña\fotonoticia_20190511081449_420.jpg,piña
./entrenamiento\piña\fruta-fresca-pina-dibujo-coloreado-o-estilo-dibujado-mano_7130-592.jpg,piña
./entrenamiento\piña\fruta-pina.jpg,piña
./entrenamiento\piña\fruta-trucos-curiosidades_486711841_151275924_1706x960.jpg,piña
./entrenamiento\piña\funiblogs-sn-pina-tratamiento.jpg,piña
./entrenamiento\piña\gal-pine2.jpg,piña
./entrenamiento\piña\Helado-de-piC3B1a-ShutterStock.jpg,piña
./entrenamiento\piña\images.jpg,piña
./entrenamiento\piña\images0.jpg,piña
./entrenamiento\piña\images1.jpg,piña
./entrenamiento\piña\images10.jpg,piña
./entrenamiento\piña\images11.jpg,piña
./entrenamiento\piña\images12.jpg,piña
./entrenamiento\piña\images13.jpg,piña
./entrenamiento\piña\images14.jpg,piña
./entrenamiento\piña\images15.jpg,piña
./entrenamiento\piña\images16.jpg,piña
./entrenamiento\piña\images17.jpg,piña
./entrenamiento\piña\images18.jpg,piña
./entrenamiento\piña\images19.jpg,piña
./entrenamiento\piña\images2.jpg,piña
./entrenamiento\piña\images20.jpg,piña
./entrenamiento\piña\images21.jpg,piña
./entrenamiento\piña\images22.jpg,piña
./entrenamiento\piña\images23.jpg,piña
./entrenamiento\piña\images24.jpg,piña
./entrenamiento\piña\images25.jpg,piña
./entrenamiento\piña\images26.jpg,piña
./entrenamiento\piña\images27.jpg,piña
./entrenamiento\piña\images28.jpg,piña
./entrenamiento\piña\images29.jpg,piña
./entrenamiento\piña\images3.jpg,piña
./entrenamiento\piña\images30.jpg,piña
./entrenamiento\piña\images4.jpg,piña
./entrenamiento\piña\images5.jpg,piña
./entrenamiento\piña\images6.jpg,piña
./entrenamiento\piña\images7.jpg,piña
./entrenamiento\piña\images8.jpg,piña
./entrenamiento\piña\images9.jpg,piña
./entrenamiento\piña\IMG_40.jpg,piña
./entrenamiento\piña\img_como_hacer_pina_en_almibar_25146_600.jpg,piña
./entrenamiento\piña\jugodepia-4aa8f01837494c6897abd78c19136874-600x400.jpg,piña
./entrenamiento\piña\mantener-la-pina-fresca.jpg,piña
./entrenamiento\piña\maxresdefault.jpg,piña
./entrenamiento\piña\Partes-de-la-PiC3B1a....jpg,piña
./entrenamiento\piña\PIC391A-883x1024.jpg,piña
./entrenamiento\piña\piC3B1a-16-10-19-compressed.jpg,piña
./entrenamiento\piña\piC3B1a-asada-al-horno.ale-graf.pV-1-of-6.jpg,piña
./entrenamiento\piña\piC3B1a-colada_1950.jpg,piña
./entrenamiento\piña\piC3B1a.jpg,piña
./entrenamiento\piña\piC3B1a_g.jpg,piña
./entrenamiento\piña\pina--m.jpg,piña
./entrenamiento\piña\pina-236x157.jpg,piña
./entrenamiento\piña\pina-elherbolario.jpg,piña
./entrenamiento\piña\pina-hawaii.jpg,piña
./entrenamiento\piña\PINA-kJ9E-U70692491416sXH-644x483MujerHoy.jpg,piña
./entrenamiento\piña\pina-o-anana-fruta-acida-cortesia.jpg,piña
./entrenamiento\piña\pina-tabla-madera-370x247.jpg,piña
./entrenamiento\piña\pina.jpg,piña
./entrenamiento\piña\pina0.jpg,piña
./entrenamiento\piña\pina1.jpg,piña
./entrenamiento\piña\pina2.jpg,piña
./entrenamiento\piña\pina_2_800x800.jpg,piña
./entrenamiento\piña\pinCC83a-propiedades.jpg,piña
./entrenamiento\piña\pinia.jpg,piña
./entrenamiento\piña\pi_a2.jpg,piña
./entrenamiento\piña\pollo-pina.jpg,piña
./entrenamiento\piña\propiedades-de-la-pinCC83a.jpg,piña
./entrenamiento\piña\que-es-dieta-de-la-pina-como-hacerla.jpg,piña
./entrenamiento\piña\receta-de-pina-colada-scaled.jpg,piña
./entrenamiento\piña\ripe-pineapple-fruit-cut-in-triangle-shape-picture-id1163483174_0.jpg,piña
./entrenamiento\piña\rodajasdepina2.jpg,piña
./entrenamiento\piña\salsa_de_pina_74662_paso_0_600.jpg,piña
./entrenamiento\piña\w700_pi_a.jpg,piña
./entrenamiento\piña\zumo-papaya-y-piC3B1a-1.jpg,piña
./entrenamiento\platano\00000000004011L.jpg,platano
./entrenamiento\platano\00000000004233L.jpg,platano
./entrenamiento\platano\1-planta-de-platano-tabasco-musa-cavendishii-chiquita-banana-compra-en-mexico-arboles.jpg,platano
./entrenamiento\platano\1-planta-platano-bolsa-musa-orinoco-nativo-de-veracruz-platano-cuadrado-bananero.jpg,platano
./entrenamiento\platano\1.jpg,platano
./entrenamiento\platano\11cosassobreplatano-680x467.jpg,platano
./entrenamiento\platano\15103181312937.jpg,platano
./entrenamiento\platano\1518025566_418488_1518042414_noticia_normal.jpg,platano
./entrenamiento\platano\1591614485_985566_1591616506_noticia_normal_recorte1.jpg,platano
./entrenamiento\platano\165_grande.jpg,platano
./entrenamiento\platano\220px-Bananen_Frucht.jpg,platano
./entrenamiento\platano\232659.jpg,platano
./entrenamiento\platano\3206-imagen-platano-canarias-colegios.jpg,platano
./entrenamiento\platano\40228537_303.jpg,platano
./entrenamiento\platano\450_1000.jpg,platano
./entrenamiento\platano\450_10000.jpg,platano
./entrenamiento\platano\450_10001.jpg,platano
./entrenamiento\platano\450_10002.jpg,platano
./entrenamiento\platano\450_10003.jpg,platano
./entrenamiento\platano\4_73_platanera.jpg,platano
./entrenamiento\platano\61hzH-pFFRL._AC_SX425_.jpg,platano
./entrenamiento\platano\actualidad_529458675_162988530_1706x960.jpg,platano
./entrenamiento\platano\ADGmqu_2szBww-JzvY4KaBwBNzqt6zA3dFsiuJuLJmqKs64-c-mo.jpg,platano
./entrenamiento\platano\alimentos-de-temporada-platano.jpg,platano
./entrenamiento\platano\banana-main-esp-index.jpg,platano
./entrenamiento\platano\banana-nutrition-facts.jpg,platano
./entrenamiento\platano\banana_color_1-680x509.jpg,platano
./entrenamiento\platano\banane.jpg,platano
./entrenamiento\platano\beneficios-del-platano.jpg,platano
./entrenamiento\platano\beneficios_del_platano_istock.jpg,platano
./entrenamiento\platano\cascara-de-platano-cara-para-que-sirve-beneficios-cascaras-acne-4-1.jpg,platano
./entrenamiento\platano\Chips-de-Platano-Macho-5.jpg,platano
./entrenamiento\platano\chips-de-platano.jpg,platano
./entrenamiento\platano\comrar-platanos.jpg,platano
./entrenamiento\platano\conservar-platanos-verdes-luisecheverriurrea.jpg,platano
./entrenamiento\platano\cosas-que-no-sabias-sobre-el-platano.jpg,platano
./entrenamiento\platano\cultivo-platano.jpg,platano
./entrenamiento\platano\curiosidades-que-no-sabias-sobre-los-platanos-1-655x368.jpg,platano
./entrenamiento\platano\diferencias-platano-banana-1-kka--620x349abc.jpg,platano
./entrenamiento\platano\diferencias_entre_banana_y_platano_73856_600.jpg,platano
./entrenamiento\platano\efectos-de-comer-platano-diario.jpg,platano
./entrenamiento\platano\el-plC3A1tano.jpg,platano
./entrenamiento\platano\hilos-platano_97b6f867_465x800.jpg,platano
./entrenamiento\platano\httpstved-prod.adobecqms.netcontentdameditorialTelevisamexicomuyinteresantemxsalud1404beneficios-del-platano-1080x720.imgo_.jpg,platano
./entrenamiento\platano\images.jpg,platano
./entrenamiento\platano\images0.jpg,platano
./entrenamiento\platano\images1.jpg,platano
./entrenamiento\platano\images10.jpg,platano
./entrenamiento\platano\images11.jpg,platano
./entrenamiento\platano\images12.jpg,platano
./entrenamiento\platano\images13.jpg,platano
./entrenamiento\platano\images14.jpg,platano
./entrenamiento\platano\images15.jpg,platano
./entrenamiento\platano\images16.jpg,platano
./entrenamiento\platano\images17.jpg,platano
./entrenamiento\platano\images18.jpg,platano
./entrenamiento\platano\images19.jpg,platano
./entrenamiento\platano\images2.jpg,platano
./entrenamiento\platano\images20.jpg,platano
./entrenamiento\platano\images21.jpg,platano
./entrenamiento\platano\images22.jpg,platano
./entrenamiento\platano\images23.jpg,platano
./entrenamiento\platano\images24.jpg,platano
./entrenamiento\platano\images25.jpg,platano
./entrenamiento\platano\images26.jpg,platano
./entrenamiento\platano\images27.jpg,platano
./entrenamiento\platano\images3.jpg,platano
./entrenamiento\platano\images4.jpg,platano
./entrenamiento\platano\images5.jpg,platano
./entrenamiento\platano\images6.jpg,platano
./entrenamiento\platano\images7.jpg,platano
./entrenamiento\platano\images8.jpg,platano
./entrenamiento\platano\images9.jpg,platano
./entrenamiento\platano\IMG_3179_2JPG.jpg,platano
./entrenamiento\platano\img_es-mismo-banana-platano-hd-1280x720.jpg,platano
./entrenamiento\platano\landscape_post_num_567_68PortadaWeb_Prod_com_platano.jpg,platano
./entrenamiento\platano\los-beneficios-del-platano-2-mh.jpg,platano
./entrenamiento\platano\maduracio-artesanal2.jpg,platano
./entrenamiento\platano\maxresdefault.jpg,platano
./entrenamiento\platano\maxresdefault0.jpg,platano
./entrenamiento\platano\platano-1024x640.jpg,platano
./entrenamiento\platano\platano-2.jpg,platano
./entrenamiento\platano\platano-590x295.jpg,platano
./entrenamiento\platano\platano-beneficios-kIyF--1200x630abc.jpg,platano
./entrenamiento\platano\PLATANO-EN-RODAJAS.jpg,platano
./entrenamiento\platano\platano-h.jpg,platano
./entrenamiento\platano\platano-macho-2.jpg,platano
./entrenamiento\platano\platano-macho-normal-scaled.jpg,platano
./entrenamiento\platano\platano-macho.jpg,platano
./entrenamiento\platano\platano-maduro-kfjF--540x285abc.jpg,platano
./entrenamiento\platano\platano-maduro-kG2B--620x349abc.jpg,platano
./entrenamiento\platano\platano-tabasco.jpg,platano
./entrenamiento\platano\platano.jpg,platano
./entrenamiento\platano\platano0.jpg,platano
./entrenamiento\platano\platano4.jpg,platano
./entrenamiento\platano\platanos.jpg,platano
./entrenamiento\platano\platanos0.jpg,platano
./entrenamiento\platano\platanos1.jpg,platano
./entrenamiento\platano\platanos_0.jpg,platano
./entrenamiento\platano\platano_1.jpg,platano
./entrenamiento\platano\platano_184b98ac_1200x1200.jpg,platano
./entrenamiento\platano\platano_macho_1_800x800.jpg,platano
./entrenamiento\platano\PlC3A1tano-.jpg,platano
./entrenamiento\platano\plC3A1tano-1280x720.jpg,platano
./entrenamiento\platano\por-que-no-es-buena-idea-comer-platanos-para-desayunar.jpg,platano
./entrenamiento\platano\propiedades-platanos-maduracion.jpg,platano
./entrenamiento\platano\propiedades_platano_cabello_headermobile.jpg,platano
./entrenamiento\platano\proveedora-de-frutas-cavi-platano.jpg,platano
./entrenamiento\platano\que-pasa-si-como-platano-en-ayunas.jpg,platano
./entrenamiento\platano\set-of-bananas-background-royalty-free-image-1134182427-1565167302.jpg,platano
./entrenamiento\platano\tipos_de_platanos_2686_600.jpg,platano
./entrenamiento\platano\tiras-las-hebras-del-platano-es-hora-de-empezar-a-comerlas.jpg,platano
./entrenamiento\platano\variedades2.jpg,platano
./entrenamiento\sandia\10772.jpg,sandia
./entrenamiento\sandia\1366_2000.jpg,sandia
./entrenamiento\sandia\1433951673_336602_1434039116_noticia_normal.jpg,sandia
./entrenamiento\sandia\1505195456_432570_1505216369_noticia_normal.jpg,sandia
./entrenamiento\sandia\1591269340878.jpg,sandia
./entrenamiento\sandia\221229.jpg,sandia
./entrenamiento\sandia\245px-Flore_mC3A9dicale_des_Antilles2C_ou2C_TraitC3A9_des_plantes_usuelles_28Pl._30529_28779566174429.jpg,sandia
./entrenamiento\sandia\3-Cocteles-de-sandia-con-ron.jpg,sandia
./entrenamiento\sandia\30.jpg,sandia
./entrenamiento\sandia\450_1000.jpg,sandia
./entrenamiento\sandia\450_10000.jpg,sandia
./entrenamiento\sandia\5383399e868b4.jpg,sandia
./entrenamiento\sandia\actualidad_500710558_154551193_1024x576.jpg,sandia
./entrenamiento\sandia\ADGmqu_2szBww-JzvY4KaBwBNzqt6zA3dFsiuJuLJmqKs64-c-mo.jpg,sandia
./entrenamiento\sandia\axjlvzglhe_sandia.jpg,sandia
./entrenamiento\sandia\b47e8bd0-sandiasugarbaby.jpg,sandia
./entrenamiento\sandia\beneficios-de-la-sandia.jpg,sandia
./entrenamiento\sandia\beneficios-Sandia.jpg,sandia
./entrenamiento\sandia\cantidad-calorias-sandia.jpg,sandia
./entrenamiento\sandia\chica-sonriendo-sandia.jpg,sandia
./entrenamiento\sandia\cocinillas_225992085_116355106_1024x576.jpg,sandia
./entrenamiento\sandia\distribucion-sandia-frutas-ramirez.jpg,sandia
./entrenamiento\sandia\elegir-melon-sandia202.jpg,sandia
./entrenamiento\sandia\es-peligroso-comer-sandia-de-noche.jpg,sandia
./entrenamiento\sandia\httpstved-prod.adobecqms.netcontentdameditorialTelevisamexicomuyinteresantemxsalud161018sandia.imgo_.jpg,sandia
./entrenamiento\sandia\images.jpg,sandia
./entrenamiento\sandia\images0.jpg,sandia
./entrenamiento\sandia\images1.jpg,sandia
./entrenamiento\sandia\images10.jpg,sandia
./entrenamiento\sandia\images11.jpg,sandia
./entrenamiento\sandia\images12.jpg,sandia
./entrenamiento\sandia\images13.jpg,sandia
./entrenamiento\sandia\images14.jpg,sandia
./entrenamiento\sandia\images15.jpg,sandia
./entrenamiento\sandia\images16.jpg,sandia
./entrenamiento\sandia\images17.jpg,sandia
./entrenamiento\sandia\images18.jpg,sandia
./entrenamiento\sandia\images19.jpg,sandia
./entrenamiento\sandia\images2.jpg,sandia
./entrenamiento\sandia\images20.jpg,sandia
./entrenamiento\sandia\images21.jpg,sandia
./entrenamiento\sandia\images22.jpg,sandia
./entrenamiento\sandia\images23.jpg,sandia
./entrenamiento\sandia\images24.jpg,sandia
./entrenamiento\sandia\images25.jpg,sandia
./entrenamiento\sandia\images26.jpg,sandia
./entrenamiento\sandia\images27.jpg,sandia
./entrenamiento\sandia\images3.jpg,sandia
./entrenamiento\sandia\images4.jpg,sandia
./entrenamiento\sandia\images5.jpg,sandia
./entrenamiento\sandia\images6.jpg,sandia
./entrenamiento\sandia\images7.jpg,sandia
./entrenamiento\sandia\images8.jpg,sandia
./entrenamiento\sandia\images9.jpg,sandia
./entrenamiento\sandia\img_sandia-1-1280x720.jpg,sandia
./entrenamiento\sandia\infusion-de-semillas-de-sandia-portada.jpg,sandia
./entrenamiento\sandia\los-beneficios-nutricionales-de-la-sandia-amarilla-espanola.jpg,sandia
./entrenamiento\sandia\maxresdefault.jpg,sandia
./entrenamiento\sandia\Naranjas-Torres-Sandia-Torres-1024-C.jpg,sandia
./entrenamiento\sandia\Nunhems.jpg,sandia
./entrenamiento\sandia\nutricion_407471494_125959318_1024x576.jpg,sandia
./entrenamiento\sandia\origen-de-la-sandia.jpg,sandia
./entrenamiento\sandia\pasteque.jpg,sandia
./entrenamiento\sandia\producto-393-5f07797eaaa92-0142bbc08ee4febb101b48e7cb5f3aaf.jpg,sandia
./entrenamiento\sandia\Productos-Sandia-Sunrisefruitscompany.jpg,sandia
./entrenamiento\sandia\propiedades-nutricionales-beneficios-de-la-sandia3.jpg,sandia
./entrenamiento\sandia\propiedades-sandC3ADa-1.jpg,sandia
./entrenamiento\sandia\Receta-con-sandC3ADa-590x393.jpg,sandia
./entrenamiento\sandia\sabores-que-combinan-con-la-sandia-1.jpg,sandia
./entrenamiento\sandia\salud-sandia-propiedades-668x400x80xX.jpg,sandia
./entrenamiento\sandia\Sanda-1200x450-1.jpg,sandia
./entrenamiento\sandia\sandC3ADa-corteza.jpg,sandia
./entrenamiento\sandia\SandC3ADa-MEGA-LEE.jpg,sandia
./entrenamiento\sandia\sandC3ADa.jpg,sandia
./entrenamiento\sandia\sandC3ADa0.jpg,sandia
./entrenamiento\sandia\sandC3ADas-mini.jpg,sandia
./entrenamiento\sandia\sandia-1.jpg,sandia
./entrenamiento\sandia\sandia-10.jpg,sandia
./entrenamiento\sandia\sandia-1280x720.jpg,sandia
./entrenamiento\sandia\sandia-3-1024x683.jpg,sandia
./entrenamiento\sandia\sandia-beneficios-kjJB--1200x630abc.jpg,sandia
./entrenamiento\sandia\sandia-cajas-600x250.jpg,sandia
./entrenamiento\sandia\sandia-cortada-tabla-madera-470x313.jpg,sandia
./entrenamiento\sandia\sandia-destacada-680x350.jpg,sandia
./entrenamiento\sandia\sandia-en-trozos.jpg,sandia
./entrenamiento\sandia\sandia-jubilee.jpg,sandia
./entrenamiento\sandia\sandia-o-melon-de-agua.jpg,sandia
./entrenamiento\sandia\Sandia-Pathfinder.jpg,sandia
./entrenamiento\sandia\sandia-rodajas-xl-321x171x80xX.jpg,sandia
./entrenamiento\sandia\sandia-sexo-Sf-2-1024x683.jpg,sandia
./entrenamiento\sandia\Sandia.jpg,sandia
./entrenamiento\sandia\sandia0.jpg,sandia
./entrenamiento\sandia\sandia1.jpg,sandia
./entrenamiento\sandia\sandia2.jpg,sandia
./entrenamiento\sandia\sandias-verano-super-amara.jpg,sandia
./entrenamiento\sandia\sandias.jpg,sandia
./entrenamiento\sandia\sandiasuenos.jpg,sandia
./entrenamiento\sandia\sandiaymelon.jpg,sandia
./entrenamiento\sandia\sandia_1.jpg,sandia
./entrenamiento\sandia\sandia_2.jpg,sandia
./entrenamiento\sandia\SANDIA_blog.jpg,sandia
./entrenamiento\sandia\sandia_cherry_2.jpg,sandia
./entrenamiento\sandia\sandia_g.jpg,sandia
./entrenamiento\sandia\sandia_grande-ktuC-U40433235450mOE-624x385El-Comercio-624x312.jpg,sandia
./entrenamiento\sandia\Sandia_Jubile_lb.jpg,sandia
./entrenamiento\sandia\sandia_melon_cortado1-680x410.jpg,sandia
./entrenamiento\sandia\semillas-de-sandia-sugar-baby.jpg,sandia
./entrenamiento\sandia\smart-99567-sandia-rayada-precio-por-kilo.jpg,sandia
./entrenamiento\sandia\snda.jpg,sandia
./entrenamiento\sandia\trozo-de-sandia-junto-al-agua_420e6712_1200x1200.jpg,sandia
./entrenamiento\sandia\watermelon-nutrition-facts.jpg,sandia
./entrenamiento\sandia\well_watermelon-articleLarge.jpg,sandia
